"OSrXXb","rllt__details","yi40Hd","RDApEe","rllt__details 2","rllt__details 3","BI0Dve","yYlJEf href","QuU3Wb","yYlJEf href 2","QuU3Wb 2","rllt__details 4","uDyWh"
"Sanchu Animal Hospital 24x7 | Coimbatore","· Animal hospital","4.5","(1K)","5+ years in business · First Floor, at 316-2, Shree Padmavathi Tower, Mettupalayam Rd, near Ganga Hospital, opposite to NTC Murugan Mills · 099405 49831","Open 24 hours","On-site services","https://veterinary-hospital.sanchuanimalhospital.com/sanchu/animal-hospital-in-coimbatore/animal-hospital-in-sai-baba-colony/sanchu-animal-hospital-in-sai-baba-colony-coimbatore--0756d57a-f23c-409c-a04e-610577d5969e/home","Website","https://www.google.com/maps/dir//First+Floor,+Sanchu+Animal+Hospital+24x7+%7C+Coimbatore,+at+316-2,+Shree+Padmavathi+Tower,+Mettupalayam+Rd,+near+Ganga+Hospital,+opposite+to+NTC+Murugan+Mills,+Coimbatore,+Tamil+Nadu+641043/data=!4m6!4m5!1m1!4e2!1m2!1m1!1s0x3ba85993aa2d82eb:0x5098bb09c8a66412?sa=X&ved=1t:57443&ictx=111","Directions","",""
"Blue Plus Pet Hospital","· Animal hospital","4.6","(176)","3+ years in business · 397, Street Number 45, Pankaja Mills Rd · 094895 01333","Open","On-site services","","","https://www.google.com/maps/dir//Blue+Plus+Pet+Hospital,+397,+Street+Number+45,+Pankaja+Mills+Rd,+Ramasamy+Nagar,+Puliakulam,+Coimbatore,+Tamil+Nadu+641045/data=!4m6!4m5!1m1!4e2!1m2!1m1!1s0x3ba859f4749eea93:0x981c3174602c48a8?sa=X&ved=1t:57443&ictx=111","Directions","· Closes 11:30 pm",""
"RK PETS POLYCLINIC 24/7 | Coimbatore","· Veterinarian","4.6","(276)","10+ years in business · HA 27, Ganapathy Maanagar · 079046 77550","Open","","https://www.rkpetspolyclinic.com/","Website","https://www.google.com/maps/dir//RK+PETS+POLYCLINIC+24%2F7+%7C+Coimbatore,+HA+27,+Ganapathy+Maanagar,+Ganapathy,+Coimbatore,+Tamil+Nadu+641035/data=!4m6!4m5!1m1!4e2!1m2!1m1!1s0x3ba859611a113e39:0x3d844cc008ab3264?sa=X&ved=1t:57443&ictx=111","Directions","· Closes 11:30 pm","""My dog was diagnosed with tick fever, and it was cured very quickly."""
"SKS VETERINARY HOSPITAL","· Animal hospital","4.3","(762)","20+ years in business · 5th street, Bharathi Colony Rd · 086800 70014","Closed","On-site services","http://www.skspethospital.com/","Website","https://www.google.com/maps/dir//SKS+VETERINARY+HOSPITAL,+5th+street,+Bharathi+Colony+Rd,+Peelamedu,+Lal+Bahadhur+Colony,+Coimbatore,+Tamil+Nadu+641004/data=!4m6!4m5!1m1!4e2!1m2!1m1!1s0x3ba8583a72f1a2ff:0x5cc674f10cd1814a?sa=X&ved=1t:57443&ictx=111","Directions","· Opens 9 am Mon",""
"Regional Joint Director Animal Husbandry","· Animal hospital","4.1","(32)","10+ years in business · Coimbatore, Tamil Nadu","Open","","","","https://www.google.com/maps/dir//Regional+Joint+Director+Animal+Husbandry,+Town+Hall,+Coimbatore,+Tamil+Nadu+641001/data=!4m6!4m5!1m1!4e2!1m2!1m1!1s0x3ba8590a39b73953:0xd39bb06269da29f5?sa=X&ved=1t:57443&ictx=111","Directions","· Closes 12 am","""No doctor fees."""
"JP PET SPECIALITY HOSPITAL 24*7 (emergency care) |r.s Puram ,CBE","· Animal hospital","4.1","(360)","20+ years in business · NO. 18, 1st St · 096006 23980","Closed","","http://www.jppethospital.com/","Website","https://www.google.com/maps/dir//JP+PET+SPECIALITY+HOSPITAL+24*7+(emergency+care)+%7Cr.s+Puram+,CBE,+NO.+18,+1st+St,+Subramaniapuram,+LIC+COLONY,+R.S.+Puram,+Coimbatore,+Tamil+Nadu+641002/data=!4m6!4m5!1m1!4e2!1m2!1m1!1s0x3ba8591a62d00077:0x1e0cba5ef0744a05?sa=X&ved=1t:57443&ictx=111","Directions","· Opens 9 am Mon","""They saved my pet affected with viral infection."""
"Cotton City Pets Poly Clinic","· Veterinarian","4.4","(1.6K)","10+ years in business · 177, Alagesan Rd · 083001 14003","Closed","On-site services","","","https://www.google.com/maps/dir//Cotton+City+Pets+Poly+Clinic,+177,+Alagesan+Rd,+Saibaba+Colony,+Coimbatore,+Tamil+Nadu+641011/data=!4m6!4m5!1m1!4e2!1m2!1m1!1s0x3ba858e632e271c3:0x5f8634e3f35d3eeb?sa=X&ved=1t:57443&ictx=111","Directions","· Opens 9 am Mon",""
"UKAM Pet Clinic |Pet Clinic in Coimbatore | Veterinary Clinic in Coimbatore |Per Surgery Clinic Coimbatore | Pet care Near Me","· Veterinarian","4.8","(73)","24, Chinna Subbanna St · 079049 45359","Closed","","http://www.ukampetclinic.com/","Website","https://www.google.com/maps/dir//UKAM+Pet+Clinic+%7CPet+Clinic+in+Coimbatore+%7C+Veterinary+Clinic+in+Coimbatore+%7CPer+Surgery+Clinic+Coimbatore+%7C+Pet+care+Near+Me,+24,+Chinna+Subbanna+St,+Saibaba+Colony,+Coimbatore,+Tamil+Nadu+641011/data=!4m6!4m5!1m1!4e2!1m2!1m1!1s0x3ba859007000e4cf:0x4b2c2b085c2cfb9c?sa=X&ved=1t:57443&ictx=111","Directions","· Opens 9 am Mon","""The Doctor and staffs are taking care pet perfectly."""
"Government Veterinary Polyclinic","· Animal hospital","4.0","(623)","7+ years in business · Town Hall, 162, Ismail St · 0422 239 7614","Closed","","","","https://www.google.com/maps/dir//Government+Veterinary+Polyclinic,+Town+Hall,+162,+Ismail+St,+Town+Hall,+Coimbatore,+Tamil+Nadu+641001/data=!4m6!4m5!1m1!4e2!1m2!1m1!1s0x3ba8590a16139ebb:0x3442cb99efff0284?sa=X&ved=1t:57443&ictx=111","Directions","· Opens 8 am Mon","""Great treatments , our puppy got cured from parvo virus in 3 days."""
"SRI PET CLINIC","· Veterinarian","4.9","(7)","7+ years in business · Villankurichi Rd · 099525 19528","Open","","","","https://www.google.com/maps/dir//SRI+PET+CLINIC,+Villankurichi+Rd,+Indhuma+Nagar,+Coimbatore,+Tamil+Nadu+641051/data=!4m6!4m5!1m1!4e2!1m2!1m1!1s0x3ba857cafe8b150b:0xe2b621f532704933?sa=X&ved=1t:57443&ictx=111","Directions","· Closes 11:30 pm","""Doctor cured the issues."""
"ROYAL ANIMAL HOSPITAL, SARAVANAMPATTI","· Veterinarian","5.0","(5)","Velappanaickenpudur, SMR Complex · 095147 23777","Open 24 hours","","","","https://www.google.com/maps/dir//Velappanaickenpudur,+ROYAL+ANIMAL+HOSPITAL,+SARAVANAMPATTI,+SMR+Complex,+Saravanampatti,+Coimbatore,+Tamil+Nadu+641035/data=!4m6!4m5!1m1!4e2!1m2!1m1!1s0x3ba8f774843ab29b:0xa5f098815a4bf393?sa=X&ved=1t:57443&ictx=111","Directions","","""Friendly to interact and caring to answer each and every doubt and concern."""
"JSR Pet Multi Speciality Hospital","· Veterinary care","3.9","(260)","5+ years in business · 156, 24, W Ramalingam Rd · 091766 09944","Closed","","","","https://www.google.com/maps/dir//JSR+Pet+Multi+Speciality+Hospital,+156,+24,+W+Ramalingam+Rd,+R.S.+Puram,+Coimbatore,+Tamil+Nadu+641002/data=!4m6!4m5!1m1!4e2!1m2!1m1!1s0x3ba859296124d1d3:0x1b38e2dac6c034bc?sa=X&ved=1t:57443&ictx=111","Directions","· Opens 9 am Mon","""They take care of our pet with kind hands and they provide fine treatment ."""
"COIMBATORE PET HOSPITAL | CANINE KINGDOM |","· Veterinarian","4.8","(113)","198, Chinnammal St, near by Annapoorna hotel · 093639 61496","Closed","On-site services","","","https://www.google.com/maps/dir//COIMBATORE+PET+HOSPITAL+%7C+CANINE+KINGDOM+%7C,+198,+Chinnammal+St,+near+by+Annapoorna+hotel,+Saibaba+Colony,+K+K+Pudur,+Coimbatore,+Tamil+Nadu+641038/data=!4m6!4m5!1m1!4e2!1m2!1m1!1s0x3ba859553fa159b1:0x49b0b84caaa7e325?sa=X&ved=1t:57443&ictx=111","Directions","· Opens 9 am Mon",""
"M S Pets Veterinary Clinic","· Veterinarian","3.9","(58)","10+ years in business · Pankaja Mills Rd · 098422 15014","","On-site services","","","https://www.google.com/maps/dir//M+S+Pets+Veterinary+Clinic,+Pankaja+Mills+Rd,+Ramanathapuram,+Tamil+Nadu+641045/data=!4m6!4m5!1m1!4e2!1m2!1m1!1s0x3ba8590cd947dfe1:0x98bfd492bf7e0b2e?sa=X&ved=1t:57443&ictx=111","Directions","",""
"Paws Pet Care Clinic","· Veterinarian","4.7","(397)","3+ years in business · No. 68E, Sri Saravanabhava Tower, Sathy Rd. Sivanandhapuram · 098942 41881","Closed","","","","https://www.google.com/maps/dir//Paws+Pet+Care+Clinic,+No.+68E,+Sri+Saravanabhava+Tower,+Sathy+Rd.+Sivanandhapuram,+Saravanampatti,+Coimbatore,+Tamil+Nadu+641035/data=!4m6!4m5!1m1!4e2!1m2!1m1!1s0x3ba8fbe45bb6223d:0xa89895eae4553147?sa=X&ved=1t:57443&ictx=111","Directions","· Opens 9 am Mon","""My dog is well treated and got cured in a day."""
"Happy Tail Pets Poly Clinic","· Emergency veterinarian service","5.0","(4)","Coimbatore, Tamil Nadu · 095780 32780","Open 24 hours","","","","https://www.google.com/maps/dir//Happy+Tail+Pets+Poly+Clinic,+Sakthi+Nagar,+Coimbatore,+Tamil+Nadu+641049/data=!4m6!4m5!1m1!4e2!1m2!1m1!1s0x3ba8f719d099c209:0x9d1105f238f845d7?sa=X&ved=1t:57443&ictx=111","Directions","","""I happily suggest this doctor for our loveable pets."""
"Government Veterinary Hospital","· Hospital","2.3","(10)","2387+M9W","Open 24 hours","","","","https://www.google.com/maps/dir//2387%2BM9W+Government+Veterinary+Hospital,+Irugur,+Tamil+Nadu+641103/data=!4m6!4m5!1m1!4e2!1m2!1m1!1s0x3ba856f8bf782877:0x47cd4dedd7c363a2?sa=X&ved=1t:57443&ictx=111","Directions","","""WELL SATISFIED DOCTOR TREAT VERY WELL"""
"Humane Animal Hospital","· Veterinarian","4.5","(140)","3+ years in business · No 9, Ramamoorthy street, opp. water tank · 096777 15683","Closed","","","","https://www.google.com/maps/dir//No+9,+Humane+Animal+Hospital,+Ramamoorthy+street,+opp.+water+tank,+Cheran+Nagar,+Selvapuram+North,+Coimbatore,+Tamil+Nadu+641026/data=!4m6!4m5!1m1!4e2!1m2!1m1!1s0x3ba859a448f3eb09:0x1d20ad0b33ebe59f?sa=X&ved=1t:57443&ictx=111","Directions","· Opens 11 am Mon","""They are very kind , friendly treats pets with utmost care and affection."""
"Sana Multispeciality Pet Hospital","· Animal hospital","5.0","(2)","No. 38, 40, Sathy Rd, opp. to Sree Anandakumar Mills Pvt Ltd","Open 24 hours","On-site services","https://www.sanapethospital.com/","Website","https://www.google.com/maps/dir//No.+38,+Sana+Multispeciality+Pet+Hospital,+40,+Sathy+Rd,+opp.+to+Sree+Anandakumar+Mills+Pvt+Ltd,+Saravanampatti,+Siranandha+Puram,+Coimbatore,+Tamil+Nadu+641035/data=!4m6!4m5!1m1!4e2!1m2!1m1!1s0x3ba859005269787f:0xffab248b80b6cb?sa=X&ved=1t:57443&ictx=111","Directions","",""
"Singanallur Veterinary Clinic","· Veterinarian","3.8","(89)","10+ years in business · X2WH+WQF","","","","","https://www.google.com/maps/dir//X2WH%2BWQF+Singanallur+Veterinary+Clinic,+Agraharam,+Singanallur,+Tamil+Nadu+641005/data=!4m6!4m5!1m1!4e2!1m2!1m1!1s0x3ba8576b7ef016dd:0xd91879155d777e90?sa=X&ved=1t:57443&ictx=111","Directions","","""The Doctors has always been kind and helpful."""
"CANINE KINGDOM PET CLINIC 24/7","· Veterinarian","4.9","(199)","3+ years in business · HA/21, Villankurichi Rd · 097903 04333","· Opens 6 am Mon","On-site services","https://www.caninekingdompethospital.com/","Schedule","https://www.google.com/maps/dir//CANINE+KINGDOM+PET+CLINIC+24%2F7,+HA%2F21,+Villankurichi+Rd,+Ganapathy+Maanagar,+Ganapathy,+Coimbatore,+Tamil+Nadu+641006/data=!4m6!4m5!1m1!4e2!1m2!1m1!1s0x3ba8596fcc5f4045:0xb2eaeec468024185?sa=X&ved=1t:57443&ictx=111","Website","Closed",""
"BlueHill Veterinary Care Clinic","· Veterinarian","4.9","(153)","Thudiyalur, Tamil Nadu · 078455 68413","Closed","","","","https://www.google.com/maps/dir//BlueHill+Veterinary+Care+Clinic,+Sridevi+Nagar,+Thudiyalur,+Tamil+Nadu+641034/data=!4m6!4m5!1m1!4e2!1m2!1m1!1s0x3ba8f707f817eebf:0x2983c334c43a0589?sa=X&ved=1t:57443&ictx=111","Directions","· Opens 11 am Mon","""The care is excellent, and your pet will recover quickly."""
"Government veterinary hospital","· Veterinary care","3.5","(31)","7+ years in business · XX3F+X3H","Closed","","","","https://www.google.com/maps/dir//XX3F%2BX3H+Government+veterinary+hospital,+Sundarapuram,+Tamil+Nadu+641024/data=!4m6!4m5!1m1!4e2!1m2!1m1!1s0x3ba85b6ea05416f5:0x75b53bea7506a6?sa=X&ved=1t:57443&ictx=111","Directions","· Opens 8 am Mon","""Excellent Dr my pet was saved"""
"Petvet Care | Sukadev Animal Care | Best pet shop in Coimbatore | poultry pet veterinary shop in Coimbatore","· Pet supply store","4.5","(59)","Old. 90, A New 44, 2nd St Ext · 0422 252 6702","Closed","In-store shopping","http://www.petvetcare.in/","Website","https://www.google.com/maps/dir//Old.+90,+Petvet+Care+%7C+Sukadev+Animal+Care+%7C+Best+pet+shop+in+Coimbatore+%7C+poultry+pet+veterinary+shop+in+Coimbatore,+A+New+44,+2nd+St+Ext,+Gandhipuram,+Tamil+Nadu+641012/data=!4m6!4m5!1m1!4e2!1m2!1m1!1s0x3ba85907ae75127d:0x901827315e52365?sa=X&ved=1t:57443&ictx=111","Directions","· Opens 9 am Mon",""
"Kovai Veterinary Clinic","· Veterinarian","4.5","(111)","5+ years in business · 30 Feet Rd · 070109 38605","Closed","On-site services not available","https://kovai-veterinary-clinic.odoo.com/","Website","https://www.google.com/maps/dir//Kovai+Veterinary+Clinic,+30+Feet+Rd,+Krishnaswamy+Nagar,+Ramanathapuram,+Tamil+Nadu+641045/data=!4m6!4m5!1m1!4e2!1m2!1m1!1s0x3ba859ae91accc2d:0x7acb0782faa12465?sa=X&ved=1t:57443&ictx=111","Directions","· Opens 9 am Mon",""
"Government veterinary dispensary","· Animal hospital","3.1","(20)","7+ years in business · 2-1, Edayarpalayam - Koundampalayam Rd","Closed","","","","https://www.google.com/maps/dir//Government+veterinary+dispensary,+2-1,+Edayarpalayam+-+Koundampalayam+Rd,+Anbu+Nagar,+P+and+T+Colony,+Koundampalayam,+Coimbatore,+Tamil+Nadu+641030/data=!4m6!4m5!1m1!4e2!1m2!1m1!1s0x3ba858bd63520e45:0xd377441e8e6dab9e?sa=X&ved=1t:57443&ictx=111","Directions","· Opens 8 am Mon","""Treatment good."""
"Sara Pet/vet clinic & pet shop","· Veterinarian","3.3","(83)","10+ years in business · No.70/1, Lakshmipuram 5th street kamarajar road, road, opp. to RHR hotel · 063840 53035","Closed","","","","https://www.google.com/maps/dir//Sara+Pet%2Fvet+clinic+%26+pet+shop,+No.70%2F1,+Lakshmipuram+5th+street+kamarajar+road,+road,+opp.+to+RHR+hotel,+Coimbatore,+Tamil+Nadu+641004/data=!4m6!4m5!1m1!4e2!1m2!1m1!1s0x3ba857834cb7032d:0xbc35b64414c1943d?sa=X&ved=1t:57443&ictx=111","Directions","· Opens 9 am Mon",""
"Tritails Veterinary Hospital","· Animal hospital","5.0","(52)","189, Aerodrome road · 093637 02221","Closed","","https://tritailsveterinaryhospital.com/","Website","https://www.google.com/maps/dir//Tritails+Veterinary+Hospital,+189,+Aerodrome+road,+Ondipudur,+Coimbatore,+Tamil+Nadu+641005/data=!4m6!4m5!1m1!4e2!1m2!1m1!1s0x3ba859e73d7421f3:0x54bd49be5880d60b?sa=X&ved=1t:57443&ictx=111","Directions","· Opens 9 am Mon","""They truly saved my dog’s life."""
"SRI KUMARAN PET CLINIC","· Veterinarian","4.7","(34)","3+ years in business · SMR Complex, Thudiyalur - Saravanampatti Rd · 095147 23777","","","","","https://www.google.com/maps/dir//SRI+KUMARAN+PET+CLINIC,+SMR+Complex,+Thudiyalur+-+Saravanampatti+Rd,+Saravanampatti,+Coimbatore,+Tamil+Nadu+641035/data=!4m6!4m5!1m1!4e2!1m2!1m1!1s0x3ba8f7fd87ecb1db:0x5590c4f18b1db44b?sa=X&ved=1t:57443&ictx=111","Directions","","""They are extremely courteous and handle pets with so much care."""
"Government Veterinary Hospital Perur","· Animal hospital","4.1","(20)","10+ years in business · XWH9+4F5, Perur Main Rd","Closed","","","","https://www.google.com/maps/dir//XWH9%2B4F5+Government+Veterinary+Hospital+Perur,+Perur+Main+Rd,+Perur,+Coimbatore,+Tamil+Nadu+641010/data=!4m6!4m5!1m1!4e2!1m2!1m1!1s0x3ba85952b04ef7fd:0xb425ec30a85d7c8?sa=X&ved=1t:57443&ictx=111","Directions","· Opens 8 am Mon","""Dr advised for Rabies vaccine (costing only Rs. 17/-)that too was given."""
"Nova Pet Clinic","· Animal hospital","4.9","(128)","Mudaliyar street, Sarada Mill Rd, near Mahalakshmi bakery · 078450 59419","Closed","","","","https://www.google.com/maps/dir//Nova+Pet+Clinic,+Mudaliyar+street,+Sarada+Mill+Rd,+near+Mahalakshmi+bakery,+Sundarapuram,+Kurichi,+Tamil+Nadu+641024/data=!4m6!4m5!1m1!4e2!1m2!1m1!1s0x3ba85be1434c7479:0xe8e706ec1338eb8f?sa=X&ved=1t:57443&ictx=111","Directions","· Opens 10 am Mon","""Excellent service, reasonable price,  doctor was very friendly and polite."""
"Saran's Pet Hospital","· Veterinarian","4.5","(332)","7+ years in business · P.O, 20,Sree Murugan Nagar, near SPP Appartment","Closed","","","","https://www.google.com/maps/dir//Saran's+Pet+Hospital,+P.O,+20,Sree+Murugan+Nagar,+near+SPP+Appartment,+Saravanampatti,+Coimbatore,+Tamil+Nadu+641035/data=!4m6!4m5!1m1!4e2!1m2!1m1!1s0x3ba8f9dc0eeb7739:0xd1ac4ddf3e652156?sa=X&ved=1t:57443&ictx=111","Directions","· Opens 10 am Mon","""They saved my pet from a very critical condition(Babesiosis)."""
"Government Veterinary hospital","· Veterinary care","3.8","(44)","5+ years in business · 3XG2+6X8, MDR877","Closed","","","","https://www.google.com/maps/dir//3XG2%2B6X8+Government+Veterinary+hospital,+MDR877,+Vellakinar+Village,+Kurudampalayam,+Tamil+Nadu+641029/data=!4m6!4m5!1m1!4e2!1m2!1m1!1s0x3ba8f7209af7ab8f:0xa39b1e6b6ca080d3?sa=X&ved=1t:57443&ictx=111","Directions","· Opens 9 am Mon","""Very good care of our dog on sunday"""
"VITAL CARE PET CLINIC","· Veterinarian","5.0","(4)","45, Nadar St, near Bakery","Closed","","","","https://www.google.com/maps/dir//VITAL+CARE+PET+CLINIC,+45,+Nadar+St,+near+Bakery,+Sridevi+Nagar,+Ganapathy,+Coimbatore,+Tamil+Nadu+641006/data=!4m6!4m5!1m1!4e2!1m2!1m1!1s0x3ba859005837ebaf:0x4e1b95b3dd5cc6e3?sa=X&ved=1t:57443&ictx=111","Directions","· Opens 9 am Mon",""
"Dr. Navi's Veterinary Clinic","· Veterinarian","5.0","(346)","13/5, post · 063814 14845","Closed","","","","https://www.google.com/maps/dir//Dr.+Navi's+Veterinary+Clinic,+13%2F5,+post,+Indira+Nagar,+Kalapatti,+Coimbatore,+Tamil+Nadu+641048/data=!4m6!4m5!1m1!4e2!1m2!1m1!1s0x3ba857bd9d2b9d6f:0xfe1d610a832855bc?sa=X&ved=1t:57443&ictx=111","Directions","· Opens 10 am Mon","""His skillful diagnosis is superb.They treated my pet like family."""
"VET MED PET HOSPITAL & SURGICAL CENTRE","· Veterans hospital","4.7","(80)","Palladam, Tamil Nadu · 080722 34211","Open 24 hours","","https://vetmedpethospitalsurgicalcentre.business.site/?utm_source=gmb&utm_medium=referral","Website","https://www.google.com/maps/dir//VET+MED+PET+HOSPITAL+%26+SURGICAL+CENTRE,+Udumalpet+-+Palladam+Rd,+Mullai+Nagar,+Palladam,+Tamil+Nadu+641664/data=!4m6!4m5!1m1!4e2!1m2!1m1!1s0x3ba9abb0f1334973:0x9187340868842e85?sa=X&ved=1t:57443&ictx=111","Directions","","""Satisfied treatment by the expert doctor & caring staffs."""
"RNK Veterinary Clinic","· Animal hospital","4.8","(773)","5+ years in business · 2/2 A 1 Meenakshi Amman Nagar, Trichy Rd · 097509 02665","Closed","","","","https://www.google.com/maps/dir//RNK+Veterinary+Clinic,+2%2F2+A+1+Meenakshi+Amman+Nagar,+Trichy+Rd,+Sulur,+Tamil+Nadu+641402/data=!4m6!4m5!1m1!4e2!1m2!1m1!1s0x3ba8550a54351d2b:0x8253d04abea2c8?sa=X&ved=1t:57443&ictx=111","Directions","· Opens 9:30 am Mon","""Doctor in RNK hospital saved my pet from snake bite."""
"Copaw Pets Poly Clinic","· Emergency veterinarian service","4.9","(137)","Site no.6, 1st St · 099523 99307","Closed","On-site services not available","","","https://www.google.com/maps/dir//Site+no.6,+Copaw+Pets+Poly+Clinic,+1st+St,+Viswanathapuram,+Thudiyalur,+Tamil+Nadu+641034/data=!4m6!4m5!1m1!4e2!1m2!1m1!1s0x3ba8f702e35b776f:0x638d27732a4b1778?sa=X&ved=1t:57443&ictx=111","Directions","· Opens 11:30 am Mon",""
"Government Veterinary Hospital","· Animal hospital","4.0","(25)","10+ years in business · 3VJJ+546 · 0422 265 8014","","","","","https://www.google.com/maps/dir//3VJJ%2B546+Government+Veterinary+Hospital,+Madathur,+Tamil+Nadu+641108/data=!4m6!4m5!1m1!4e2!1m2!1m1!1s0x3ba8f5bd5650b797:0xd67c7994e3cf7c41?sa=X&ved=1t:57443&ictx=111","Directions","","""The doctor is very gentle and therir service is good"""
"Animal treatment","· Veterinarian","","","VIP URBAN Centre · 089038 78566","Open 24 hours","","","","https://www.google.com/maps/dir//Animal+treatment,+VIP+URBAN+Centre,+Srinivasa+Nagar,+Nallampalayam,+Coimbatore,+Tamil+Nadu+641029/data=!4m6!4m5!1m1!4e2!1m2!1m1!1s0x3ba8594f6420f44d:0x25cc3e76fcd1f7fd?sa=X&ved=1t:57443&ictx=111","Directions","",""
"","","","","","","","","","","","",""
"VET ON WHEELS -PET HOSPITAL AT HOME SERVICE","· Veterinarian","4.8","(34)","Ha 21 · 093635 97903","· Opens 9 am Mon","","","","https://www.google.com/maps/dir//VET+ON+WHEELS+-PET+HOSPITAL+AT+HOME+SERVICE,+Ha+21,+Coimbatore,+Tamil+Nadu+641006/data=!4m6!4m5!1m1!4e2!1m2!1m1!1s0x3ba85930b9fd8739:0x452c914e5709b491?sa=X&ved=1t:57443&ictx=111","","Closed","""The vet explained everything clearly and gave proper treatment at home."""
"SRI SARAVANA PETS & VETS","· Veterinary pharmacy","5.0","(21)","42, Marudhamalai Rd · 096773 89136","Closes soon","","http://srisaravanapetsandvets.com/","Website","https://www.google.com/maps/dir//SRI+SARAVANA+PETS+%26+VETS,+42,+Marudhamalai+Rd,+Vadavalli,+Coimbatore,+Tamil+Nadu+641041/data=!4m6!4m5!1m1!4e2!1m2!1m1!1s0x3ba85f00478cd6bd:0xc9a68acf39e8bc98?sa=X&ved=1t:57443&ictx=111","Directions","· 10:30 pm","""They have almost all the pet's needy and contacts too ."""
"Venkitapuram Veterinary Hospital","· Veterinary pharmacy","4.3","(19)","2/475H, Irugur Rd","","","","","https://www.google.com/maps/dir//Venkitapuram+Veterinary+Hospital,+2%2F475H,+Irugur+Rd,+Chinniyampalayam,+Coimbatore,+Tamil+Nadu+641062/data=!4m6!4m5!1m1!4e2!1m2!1m1!1s0x3ba85624b4661875:0x396cb8b398c0f80e?sa=X&ved=1t:57443&ictx=111","Directions","","""Very quality service at low cost"""
"Government Veterinary Hospital","· Veterans hospital","2.7","(9)","3WMV+626","","","","","https://www.google.com/maps/dir//3WMV%2B626+Government+Veterinary+Hospital,+TNP+Nagar,+Thudiyalur,+Tamil+Nadu+641017/data=!4m6!4m5!1m1!4e2!1m2!1m1!1s0x3ba8f641c6d902bb:0x3ce67818f383bd93?sa=X&ved=1t:57443&ictx=111","Directions","","""Doctor is available  & good consultation given"""
"Government Veterinary Hospital","· Veterinary care","3.7","(56)","7+ years in business · WX37+7CV","Closed","","","","https://www.google.com/maps/dir//WX37%2B7CV+Government+Veterinary+Hospital,+Madukkarai,+Tamil+Nadu+641105/data=!4m6!4m5!1m1!4e2!1m2!1m1!1s0x3ba85b1ff7fc2e63:0x8bd9926894dcc623?sa=X&ved=1t:57443&ictx=111","Directions","· Opens 10 am Mon","""Good service"""
"Government Veterinary Hospital","· Veterinary pharmacy","3.8","(42)","3298+GJC","Closed","","","","https://www.google.com/maps/dir//3298%2BGJC+Government+Veterinary+Hospital,+Villankurichi,+Tamil+Nadu+641035/data=!4m6!4m5!1m1!4e2!1m2!1m1!1s0x3ba8f80480d359c7:0xfaaacc1d9e0201c5?sa=X&ved=1t:57443&ictx=111","Directions","· Opens 8 am Mon","""Doctor is very good and helped my dog from parvo virus"""
"Vet Care Agencies","· Animal hospital","3.5","(12)","7+ years in business · 103, near Park · 090876 51000","Closed","","","","https://www.google.com/maps/dir//Vet+Care+Agencies,+103,+near+Park,+Angammal+layout,+Lawley+Rd,+Coimbatore,+Tamil+Nadu+641002/data=!4m6!4m5!1m1!4e2!1m2!1m1!1s0x3ba8591ff22930a7:0xcead767c39937389?sa=X&ved=1t:57443&ictx=111","Directions","· Opens 10 am Mon",""
"Govt Veterinary hospital,Vedapatti","· Animal hospital","4.6","(7)","7+ years in business · City Complex, 67B, near veterrinary hospital","Closed","","","","https://www.google.com/maps/dir//Govt+Veterinary+hospital,Vedapatti,+City+Complex,+67B,+near+veterrinary+hospital,+Vedapatti,+Coimbatore,+Tamil+Nadu+641007/data=!4m6!4m5!1m1!4e2!1m2!1m1!1s0x3ba85f3b23a18f43:0x3983405d1d26d13e?sa=X&ved=1t:57443&ictx=111","Directions","· Opens 8 am Mon",""
"Dr Saravanan Veterinary Doctor","· Veterinarian","4.8","(19)","3+ years in business · 12/1 Saravana Nagar TVS nagar to Kavundampalayam, 12/2, road · 099522 22022","Closed","On-site services","","","https://www.google.com/maps/dir//Dr+Saravanan+Veterinary+Doctor,+12%2F1+Saravana+Nagar+TVS+nagar+to+Kavundampalayam,+12%2F2,+road,+Saravana+Nagar,+Edayarpalayam,+Coimbatore,+Tamil+Nadu+641025/data=!4m6!4m5!1m1!4e2!1m2!1m1!1s0x3ba859698dd53f5d:0xbb1386fcec743429?sa=X&ved=1t:57443&ictx=111","Directions","· Opens 9 am Mon",""
"Govt Veterinary hospital,Kalapati","· Hospital","5.0","(3)","32GM+WJJ","","","","","https://www.google.com/maps/dir//32GM%2BWJJ+Govt+Veterinary+hospital,Kalapati,+Coimbatore,+Tamil+Nadu+641048/data=!4m6!4m5!1m1!4e2!1m2!1m1!1s0x3ba8f9ca2f820587:0x51826fb6455ce33e?sa=X&ved=1t:57443&ictx=111","Directions","",""
"Veterinary Hospital","· Veterinary care","3.9","(51)","7+ years in business · Coonoor, Tamil Nadu · 094438 98466","Open","","","","https://www.google.com/maps/dir//Veterinary+Hospital,+Umari+Cottage,+Coonoor,+Tamil+Nadu+643102/data=!4m6!4m5!1m1!4e2!1m2!1m1!1s0x3ba894ee2aec5c8b:0xb6da0fc1ca3b1bf2?sa=X&ved=1t:57443&ictx=111","Directions","· Closes 12 am","""Very nice , Good treatment, cordial relations with animal owner"""
"Selva Pet Clinic","· Veterinarian","4.0","(106)","7+ years in business · 22M4+PFV · 098431 16537","Closed","","","","https://www.google.com/maps/dir//22M4%2BPFV+Selva+Pet+Clinic,+Peelamedu,+Sengaliappa+Nagar,+Tamil+Nadu+641004/data=!4m6!4m5!1m1!4e2!1m2!1m1!1s0x3ba858210d690e55:0xe2a076a84ddac746?sa=X&ved=1t:57443&ictx=111","Directions","· Opens 10 am Mon","""They were so kind and took good care of my cat"""
"FRONTIER PET CLINIC","· Animal hospital","4.9","(129)","Sulur, Tamil Nadu · 090424 67768","Closed","","","","https://www.google.com/maps/dir//FRONTIER+PET+CLINIC,+521%2F33,+Sulur,+Tamil+Nadu+641402/data=!4m6!4m5!1m1!4e2!1m2!1m1!1s0x3ba85505b40255c5:0x335856d3b728d46d?sa=X&ved=1t:57443&ictx=111","Directions","· Opens 11 am Mon","""Excellent care and friendly and kind staff and service is good✨"""
"LRML Pet clinic","· Veterinarian","4.6","(14)","3+ years in business · 099521 30595","Closed","","","","","","· Opens 6 pm Mon","""Such a nice doctors...Service minded..clinic is neat and good..."""
"RR Pet Clinic & Pet Shop","· Veterinarian","4.5","(118)","7+ years in business · Sarathi Street, Take the Left-turn on Trichy Road in between Opus-rKid and Triken, 15, Coimbatore - Trichy Rd, opposite to Shanthi Social Services · 086101 50740","Closed","On-site services not available","https://www.instagram.com/rrpetclinicandpetshop?igsh=MTJqcjBhcnU2c3RoMw==","Website","https://www.google.com/maps/dir//RR+Pet+Clinic+%26+Pet+Shop,+Sarathi+Street,+Take+the+Left-turn+on+Trichy+Road+in+between+Opus-rKid+and+Triken,+15,+Coimbatore+-+Trichy+Rd,+opposite+to+Shanthi+Social+Services,+Singanallur,+Coimbatore,+Tamil+Nadu+641005/data=!4m6!4m5!1m1!4e2!1m2!1m1!1s0x3ba8577e83cb4bc9:0x86eba2790a4717a3?sa=X&ved=1t:57443&ictx=111","Directions","· Opens 9 am Mon",""
"Government Veterinary Hospital,Kovilpalayam","· Animal hospital","1.0","(1)","3+ years in business · 42PM+898, Wednesday Market Rd, opposite to Union office","","","","","https://www.google.com/maps/dir//42PM%2B898+Government+Veterinary+Hospital,Kovilpalayam,+Wednesday+Market+Rd,+opposite+to+Union+office,+Kovilpalayam,+641107/data=!4m6!4m5!1m1!4e2!1m2!1m1!1s0x3ba8f9ce2e2d6c07:0xa5c11476a2de1269?sa=X&ved=1t:57443&ictx=111","Directions","",""
"Veterinary Hospital","· Veterinary pharmacy","5.0","(3)","QW8F+6GQ","Open 24 hours","","","","https://www.google.com/maps/dir//QW8F%2B6GQ+Veterinary+Hospital,+Zamin+Kaliyapuram,+Tamil+Nadu+642110/data=!4m6!4m5!1m1!4e2!1m2!1m1!1s0x3ba8478b68a74f51:0x1e70f25c46c215f0?sa=X&ved=1t:57443&ictx=111","Directions","","""Nice hospital and Nice area"""
"Barks and Meows Pet Clinic","· Veterinarian","4.8","(69)","Kovaipudur, Tamil Nadu · 088381 21210","Closed","","","","https://www.google.com/maps/dir//Barks+and+Meows+Pet+Clinic,+X-29,+X+Block,+NRCC+House,+Kovaipudur,+Tamil+Nadu+641042/data=!4m6!4m5!1m1!4e2!1m2!1m1!1s0x3ba85b65f5023347:0xcbabca4ef321a4fe?sa=X&ved=1t:57443&ictx=111","Directions","· Opens 10 am Mon","""Dr. Chakravarthy and assistant Ms. Biji took amazing care of my dog."""
"Sri Vinayaga Pets Clinic","· Veterinarian","4.6","(16)","6-1, 7, 1, Sowripalayam Rd · 096777 95334","Closed","","","","https://www.google.com/maps/dir//6-1,+7,+Sri+Vinayaga+Pets+Clinic,+1,+Sowripalayam+Rd,+Ramanathapuram,+Tamil+Nadu+641045/data=!4m6!4m5!1m1!4e2!1m2!1m1!1s0x3ba859a71663511f:0xae681468f979f7ba?sa=X&ved=1t:57443&ictx=111","Directions","· Opens 9 am Mon","""Thanks to the Doctor for their genuine care & effort to help our pet."""
"GOVERNMENT VETERINARY HOSPITAL , kinathukadavu","· Hospital","4.7","(7)","R299+57X, National Highway 209","","","","","https://www.google.com/maps/dir//R299%2B57X+GOVERNMENT+VETERINARY+HOSPITAL+,+kinathukadavu,+National+Highway+209,+Kinathukadavu,+Tamil+Nadu+642109/data=!4m6!4m5!1m1!4e2!1m2!1m1!1s0x3ba84f4fd8a396f9:0x2b3ee31d9cf92f0a?sa=X&ved=1t:57443&ictx=111","Directions","","""Are  pet Dog suffering from parvovirus they helped thank you"""
"Government Veterinary Hospital","· Hospital","4.3","(6)","Vellalore, Tamil Nadu","· Opens 12 am Mon","","","","https://www.google.com/maps/dir//X28G%2B72P+Government+Veterinary+Hospital,+Kanjikonaampalayam,+Vellalore,+Tamil+Nadu+641111/data=!4m6!4m5!1m1!4e2!1m2!1m1!1s0x3ba851e1dd252f5b:0x6a1e6016a265cb0c?sa=X&ved=1t:57443&ictx=111","","Closed","""The doctor’s response and treatment were excellent 👍."""
"CANIS & FELIS PET HOSPITAL","· Veterinarian","4.8","(22)","oppt to Anandhaas Hotel, 220/335, Pollachi Main Rd · 073585 42427","Closed","On-site services","","","https://www.google.com/maps/dir//CANIS+%26+FELIS+PET+HOSPITAL,+oppt+to+Anandhaas+Hotel,+220%2F335,+Pollachi+Main+Rd,+sundarapuram,+Kurichi,+Coimbatore,+Tamil+Nadu+641024/data=!4m6!4m5!1m1!4e2!1m2!1m1!1s0x3ba85b5fa92b526d:0x47681201dc74e0a2?sa=X&ved=1t:57443&ictx=111","Directions","· Opens 9 am Mon",""
"Karamadai veterinary Hospital","· Veterinary care","3.8","(21)","10+ years in business · 6XQ7+8QG, KNP Rd","","","","","https://www.google.com/maps/dir//6XQ7%2B8QG+Karamadai+veterinary+Hospital,+KNP+Rd,+Karamadai,+Tamil+Nadu+641104/data=!4m6!4m5!1m1!4e2!1m2!1m1!1s0x3ba8efd4d3e86d2d:0x423eee5c73b924db?sa=X&ved=1t:57443&ictx=111","Directions","",""
"Veterinary Hospital","· Animal hospital","4.0","(25)","10+ years in business · 24HC+4GF","Closed","","","","https://www.google.com/maps/dir//24HC%2B4GF+Veterinary+Hospital,+Sulur,+Tamil+Nadu+641402/data=!4m6!4m5!1m1!4e2!1m2!1m1!1s0x3ba855c95314d3cb:0x52133dd832329d75?sa=X&ved=1t:57443&ictx=111","Directions","· Opens 10 am Mon","""Friendly doctor and free service"""
"Lucky Paws Veterinary Hospital","· Veterinarian","4.6","(1.3K)","5+ years in business · Bengaluru, Karnataka · 077955 21938","Open 24 hours","On-site services","https://luckypawsveterinaryhospital.net/","Website","https://www.google.com/maps/dir//Lucky+Paws+Veterinary+Hospital,+No+294,+Ground+Floor,+S4+Square,+Near+A2B+And+Leon+Grill+1st+Cross,+Neeladri+Rd,+Electronic+City+Phase+I,+Electronic+City,+Bengaluru,+Karnataka+560100/data=!4m6!4m5!1m1!4e2!1m2!1m1!1s0x3bae6bf1c21e95cb:0x6be3453f05154928?sa=X&ved=1t:57443&ictx=111","Directions","",""
"A-Z Pet Polyclinic & Scan Centre","· Veterinarian","4.5","(102)","20+ years in business · 106A, Jaganathan Colony · 095006 48555","Closed","On-site services","","","https://www.google.com/maps/dir//A-Z+Pet+Polyclinic+%26+Scan+Centre,+106A,+Jaganathan+Colony,+Peelamedu,+Masakalipalayam,+Coimbatore,+Tamil+Nadu+641004/data=!4m6!4m5!1m1!4e2!1m2!1m1!1s0x3ba8582d4a3cc977:0xeddfabe0a81a1b1e?sa=X&ved=1t:57443&ictx=111","Directions","· Opens 9 am Mon",""
"PeriyanaickenPalayamGovernment veterinary hospital","· Hospital","2.1","(12)","5W6W+4GC","Closed","","","","https://www.google.com/maps/dir//5W6W%2B4GC+PeriyanaickenPalayamGovernment+veterinary+hospital,+Periyanaickenpalayam,+Tamil+Nadu+641020/data=!4m6!4m5!1m1!4e2!1m2!1m1!1s0x3ba8f18e5d98f695:0xfe93ea3c18255e9a?sa=X&ved=1t:57443&ictx=111","Directions","· Opens 8 am Mon","""Polite attitude, especially Dr. Selvarani's service in amazing"""
"Vee. K Pet Clinic","· Hospital","5.0","(1)","4W7P+FF6 · 099654 78085","Closed","","","","https://www.google.com/maps/dir//4W7P%2BFF6+Vee.+K+Pet+Clinic,+Narasimhanaickenpalayam,+Tamil+Nadu+641031/data=!4m6!4m5!1m1!4e2!1m2!1m1!1s0x3ba8f7d2ae374779:0x604993ae04d4e66c?sa=X&ved=1t:57443&ictx=111","Directions","· Opens 8 am Mon",""
"Government Veterinary Clinic - Arasur","· Animal hospital","4.0","(2)","Arasur, Tamil Nadu","","","","","https://www.google.com/maps/dir//34P6%2BF2F+Government+Veterinary+Clinic+-+Arasur,+Arasur,+Tamil+Nadu+641407/data=!4m6!4m5!1m1!4e2!1m2!1m1!1s0x3ba8ff005382aaad:0xd296e2899a2655de?sa=X&ved=1t:57443&ictx=111","Directions","","""peoples change like weather"""
"Government Veterinary Dispensary Ramanathapuram Coimbatoree","· Hospital","4.0","(4)","XXGV+28X, Perumal Kovil St","Closed","","","","https://www.google.com/maps/dir//XXGV%2B28X+Government+Veterinary+Dispensary+Ramanathapuram+Coimbatoree,+Perumal+Kovil+St,+west+pudur+Nanjundapuram,+Coimbatore,+Tamil+Nadu+641036/data=!4m6!4m5!1m1!4e2!1m2!1m1!1s0x3ba8594a6f2410bb:0xe791eaea75623253?sa=X&ved=1t:57443&ictx=111","Directions","· Opens 8 am Mon",""
"S.N. Pet Clinic","· Veterinarian","3.7","(33)","10+ years in business · 2W83+W75, Siruvani Rd · 098422 38005","Closed","","","","https://www.google.com/maps/dir//2W83%2BW75+S.N.+Pet+Clinic,+Siruvani+Rd,+Vembu+Avenue,+Senniveerampalayam,+Tamil+Nadu+641041/data=!4m6!4m5!1m1!4e2!1m2!1m1!1s0x3ba85f31e508c867:0x72624f6e9fada91c?sa=X&ved=1t:57443&ictx=111","Directions","· Opens 8 am Mon","""Doctor is very polite and charges a nominal fee."""
"Government Veterinary hospital,Karadivavi","· Veterinary care","4.1","(11)","10+ years in business · Karadivavi, Tamil Nadu","","","","","https://www.google.com/maps/dir//X57Q%2BVR6+Government+Veterinary+hospital,Karadivavi,+SH+163,+Karadivavi,+Tamil+Nadu+641658/data=!4m6!4m5!1m1!4e2!1m2!1m1!1s0x3ba8534c301d5d2d:0x8acc0985b034c335?sa=X&ved=1t:57443&ictx=111","Directions","","""Very super treatment for DOGS"""
"Lyka Multi Speciality Pet Hospital Coimbatore","· Animal hospital","","","5, Fire Station Rd · 096779 73261","Closed","","http://www.lykapetclinic.com/","Website","https://www.google.com/maps/dir//Lyka+Multi+Speciality+Pet+Hospital+Coimbatore,+5,+Fire+Station+Rd,+VOC+Nagar,+Raja+Nagar,+Coimbatore,+Tamil+Nadu+641006/data=!4m6!4m5!1m1!4e2!1m2!1m1!1s0x3ba8590069311671:0xf5969247166b445f?sa=X&ved=1t:57443&ictx=111","Directions","· Opens 9 am Mon",""
"Govt Veterinary Hospital,Vadavalli","· Hospital","","","2WH2+GVM, Mouthi Hospital Rd","","","","","https://www.google.com/maps/dir//2WH2%2BGVM+Govt+Veterinary+Hospital,Vadavalli,+Mouthi+Hospital+Rd,+Periyar+Nagar,+IOB+Colony,+Coimbatore,+Tamil+Nadu+641041/data=!4m6!4m5!1m1!4e2!1m2!1m1!1s0x3ba85f23bf9f75e5:0x89de0fd425eabd8?sa=X&ved=1t:57443&ictx=111","Directions","",""
"RAINBOW PETS CLINIC","· Veterinarian","4.7","(37)","Kumaran Garden, pirivu, opposite to South Zone corporation office · 080563 80409","Closed","","","","https://www.google.com/maps/dir//RAINBOW+PETS+CLINIC,+Kumaran+Garden,+pirivu,+opposite+to+South+Zone+corporation+office,+Edayarpalayam,+Kuniyamuthur,+Tamil+Nadu+641008/data=!4m6!4m5!1m1!4e2!1m2!1m1!1s0x3ba85b4e73c67fe3:0x2e90d41672929644?sa=X&ved=1t:57443&ictx=111","Directions","· Opens 6 pm Mon","""Pet friendly environment…good staff and pocket friendly service ….’"""
"Govt Veterinary Dispensary Madampatti","· Hospital","4.0","(4)","XVC6+Q8W","","","","","https://www.google.com/maps/dir//XVC6%2BQ8W+Govt+Veterinary+Dispensary+Madampatti,+Madampatti,+Tamil+Nadu+641010/data=!4m6!4m5!1m1!4e2!1m2!1m1!1s0x3ba85fed08e728f5:0x14f298fe24a55911?sa=X&ved=1t:57443&ictx=111","Directions","",""
"Lucky Paws Veterinary Hospital, Budigere Cross Branch (Multi Specialty Pet Hospital)","· Veterinarian","4.9","(107)","Bommenahalli, Bengaluru, Karnataka · 083174 91065","Open 24 hours","On-site services","http://luckypawsveterinaryhospital.net/","Website","https://www.google.com/maps/dir//Lucky+Paws+Veterinary+Hospital,+Budigere+Cross+Branch+(Multi+Specialty+Pet+Hospital),+Apartments,+135%2F4,+opposite+to+Brigade+Buena+vista,+off+Old+Madras+Road,+Budigere+Cross,+Bommenahalli,+Bengaluru,+Karnataka+560049/data=!4m6!4m5!1m1!4e2!1m2!1m1!1s0x3bae1112402cc2d5:0x325a040e4a128ee9?sa=X&ved=1t:57443&ictx=111","Directions","",""
"Government Veterinary hospital,Pappampatti","· Hospital","2.0","(4)","X452+9C6, SH 163","","","","","https://www.google.com/maps/dir//X452%2B9C6+Government+Veterinary+hospital,Pappampatti,+SH+163,+Pappampatti,+Tamil+Nadu+641016/data=!4m6!4m5!1m1!4e2!1m2!1m1!1s0x3ba8515f49e3389d:0x256a11e2d39e6d5d?sa=X&ved=1t:57443&ictx=111","Directions","",""
"Govt Veterinary hospital,L Kovilpalayam","· Hospital","5.0","(2)","Kovilpalayam, Tamil Nadu","","","","","https://www.google.com/maps/dir//8433%2B55Q+Govt+Veterinary+hospital,L+Kovilpalayam,+Kovilpalayam,+Tamil+Nadu+638459/data=!4m6!4m5!1m1!4e2!1m2!1m1!1s0x3ba8e3004aaa5f39:0xb3e02dd05e2ac327?sa=X&ved=1t:57443&ictx=111","Directions","",""
"Hope Veterinary Clinic","· Veterinarian","4.8","(13)","4/9, Mahalaxmi Kovil Street · 099604 69678","Closed","","","","https://www.google.com/maps/dir//Hope+Veterinary+Clinic,+4%2F9,+Mahalaxmi+Kovil+Street,+Extension+road,+Masakalipalayam,+Uppilipalayam,+Coimbatore,+Tamil+Nadu+641015/data=!4m6!4m5!1m1!4e2!1m2!1m1!1s0x3ba8579abd688e3f:0xa087f60b2376c290?sa=X&ved=1t:57443&ictx=111","Directions","· Opens 10:30 am Mon","""They handled my pet with so much patience and compassion."""
"JM PET CLINIC","· Emergency veterinarian service","3.0","(16)","54/1 VEERAPANDI PIRIVU, POST · 090802 41394","· Opens 9:30 am Mon","","","Schedule","https://www.google.com/maps/dir//JM+PET+CLINIC,+54%2F1+VEERAPANDI+PIRIVU,+POST,+Jothipuram,+Coimbatore,+Tamil+Nadu+641047/data=!4m6!4m5!1m1!4e2!1m2!1m1!1s0x3ba8f1746eb99d25:0x35f2348ca55a33d0?sa=X&ved=1t:57443&ictx=111","","Closed","""Excellent doctor!"""
"ROYAL ANIMAL HOSPITAL TIRUPPUR","· Animal hospital","4.5","(495)","7+ years in business · Tiruppur, Tamil Nadu · 078268 23777","Closed","","","","https://www.google.com/maps/dir//ROYAL+ANIMAL+HOSPITAL+TIRUPPUR,+7%2F2,+KRR+Layout,+I+st+Street,+Opp+to+Diamond+theatre,+Near+Sankara+Hospital,+Karuvampalayam,+Tiruppur,+Tamil+Nadu+641604/data=!4m6!4m5!1m1!4e2!1m2!1m1!1s0x3ba907a32e7e4fc9:0x96f1485ede3a69e7?sa=X&ved=1t:57443&ictx=111","Directions","· Opens 9 am Mon","""Good service, reasonable service charge, good in caring tha pets."""
"Government Veterinary hospital,Ganesapuram. கால்நடை மருத்துவமனை கணேசபுரம்","· Hospital","5.0","(1)","53G2+8V7","Closed","","","","https://www.google.com/maps/dir//53G2%2B8V7+Government+Veterinary+hospital,Ganesapuram.+%E0%AE%95%E0%AE%BE%E0%AE%B2%E0%AF%8D%E0%AE%A8%E0%AE%9F%E0%AF%88+%E0%AE%AE%E0%AE%B0%E0%AF%81%E0%AE%A4%E0%AF%8D%E0%AE%A4%E0%AF%81%E0%AE%B5%E0%AE%AE%E0%AE%A9%E0%AF%88+%E0%AE%95%E0%AE%A3%E0%AF%87%E0%AE%9A%E0%AE%AA%E0%AF%81%E0%AE%B0%E0%AE%AE%E0%AF%8D,+Ganeshapuram,+Tamil+Nadu+641107/data=!4m6!4m5!1m1!4e2!1m2!1m1!1s0x3ba8fb501e582f79:0x1fbbac157248a83b?sa=X&ved=1t:57443&ictx=111","Directions","· Opens 9 am Mon",""
"Veterinary Hospital","· Veterinary pharmacy","3.7","(7)","5RJM+MR7","","","","","https://www.google.com/maps/dir//5RJM%2BMR7+Veterinary+Hospital,+Tholampalayam,+Tamil+Nadu+641113/data=!4m6!4m5!1m1!4e2!1m2!1m1!1s0x3ba8f3291d9bac55:0x7bfb431655eb001?sa=X&ved=1t:57443&ictx=111","Directions","",""
"Dr.Meytiruannal","· Veterinarian","4.6","(15)","7+ years in business · 100, Abbas Gardens Rd","Closed","","","","https://www.google.com/maps/dir//Dr.Meytiruannal,+100,+Abbas+Gardens+Rd,+Lakshmi+Nagar,+Edayarpalayam,+Coimbatore,+Tamil+Nadu+641025/data=!4m6!4m5!1m1!4e2!1m2!1m1!1s0x3ba858ad4dd33e81:0x8bdc6df951ea9638?sa=X&ved=1t:57443&ictx=111","Directions","· Opens 8 am Mon","""Nice doctor with good experience treatment, he takes care of all the pets"""
"Sana Animal Hospital","· Animal hospital","4.6","(112)","5+ years in business · No.17/114-A, R.N.R Complex, Main Road, near 5k Car Care · 099408 63813","Closed","","https://sites.google.com/view/sanaanimalhospital/home","Website","https://www.google.com/maps/dir//No.17%2F114-A,+Sana+Animal+Hospital,+R.N.R+Complex,+Main+Road,+near+5k+Car+Care,+Coimbatore,+Karumathampatti,+Tamil+Nadu+641659/data=!4m6!4m5!1m1!4e2!1m2!1m1!1s0x3ba8ff99e0a45e2b:0xa254b13d60878c3?sa=X&ved=1t:57443&ictx=111","Directions","· Opens 9:30 am Mon","""Experienced worked, good hospital, economic friendly"""
"VETTREE HEALTH CARE","· Veterinary care","","","5+ years in business · 76, 1st Floor, 8th Street, Cross Cut Rd · 094426 27903","","","http://www.vettree.in/","Website","https://www.google.com/maps/dir//VETTREE+HEALTH+CARE,+76,+1st+Floor,+8th+Street,+Cross+Cut+Rd,+Coimbatore,+Tamil+Nadu+641012/data=!4m6!4m5!1m1!4e2!1m2!1m1!1s0x3ba85856a781ba19:0x99f99e500338dbe6?sa=X&ved=1t:57443&ictx=111","Directions","",""
"Siruvani Pet Clinic","· Veterinarian","5.0","(8)","Sri Village Nagar, Sathy Rd · 084388 41667","Closed","","","","https://www.google.com/maps/dir//Siruvani+Pet+Clinic,+Sri+Village+Nagar,+Sathy+Rd,+Kurumbapalayam+SSKulam,+Coimbatore,+Tamil+Nadu+641107/data=!4m6!4m5!1m1!4e2!1m2!1m1!1s0x3ba8f9546c4610af:0x3cec647fec2a134d?sa=X&ved=1t:57443&ictx=111","Directions","· Opens 9 am Mon","""Has helped with treatment on many critical occasions."""
"Veterinary Hospital","· Animal hospital","3.8","(50)","7+ years in business · Avinashi, Tamil Nadu","","","","","https://www.google.com/maps/dir//57R6%2BPVV+Veterinary+Hospital,+Avinashi,+Tamil+Nadu+641654/data=!4m6!4m5!1m1!4e2!1m2!1m1!1s0x3ba903bd61a51b83:0x9b914217f860d341?sa=X&ved=1t:57443&ictx=111","Directions","","""Very very use good vednery docter"""
"VIJAY PET CLINIC","· Veterinarian","","","Vijay medicals, 3 BEHAIND, Marudhamalai Rd","Closed","","","","https://www.google.com/maps/dir//VIJAY+PET+CLINIC,+Vijay+medicals,+3+BEHAIND,+Marudhamalai+Rd,+VADAVALLI,+Coimbatore,+Tamil+Nadu+641041/data=!4m6!4m5!1m1!4e2!1m2!1m1!1s0x3ba85fc4daab6515:0x4c1942280ff0e04d?sa=X&ved=1t:57443&ictx=111","Directions","· Opens 6 pm Mon",""
"Bangalore Pet Hospital","· Animal hospital","4.3","(4.6K)","25+ years in business · Bengaluru, Karnataka · 072597 82425","Open 24 hours","On-site services","http://www.bangalorepethospital.com/","Website","https://www.google.com/maps/dir//Bangalore+Pet+Hospital,+Varthur+Main+Rd,+Patel+Narayanswamy+Layout,+Siddapura,+Whitefield,+Bengaluru,+Karnataka+560066/data=!4m6!4m5!1m1!4e2!1m2!1m1!1s0x3bae123e9c3a3749:0xbb7865b6468a0374?sa=X&ved=1t:57443&ictx=111","Directions","",""
"Government veterinary hospital","· Hospital","","","5X7X+G92","","","","","https://www.google.com/maps/dir//5X7X%2BG92+Government+veterinary+hospital,+Vellamadai,+Tamil+Nadu+641110/data=!4m6!4m5!1m1!4e2!1m2!1m1!1s0x3ba8f1e0c5e2054b:0xd556315253f8d377?sa=X&ved=1t:57443&ictx=111","Directions","",""
"Govt Veterinary hospital,Annur","· Government hospital","3.0","(1)","Annur, Tamil Nadu","","","","","https://www.google.com/maps/dir//63HX%2BJ6P+Govt+Veterinary+hospital,Annur,+Annur,+Tamil+Nadu+641653/data=!4m6!4m5!1m1!4e2!1m2!1m1!1s0x3ba8fb0037136335:0x16e81d09b29a20f3?sa=X&ved=1t:57443&ictx=111","Directions","",""
"Poolampara Vetnary Hospital","· Veterinary care","3.8","(13)","10+ years in business · Pudussery East, Kerala","","","","","https://www.google.com/maps/dir//RRFG%2B3CG+Poolampara+Vetnary+Hospital,+Pudussery+East,+Kerala+678624/data=!4m6!4m5!1m1!4e2!1m2!1m1!1s0x3ba84278806c03fd:0xa4e3861dbecbdc1c?sa=X&ved=1t:57443&ictx=111","Directions","",""
"RMV MULTI-SPECIALITY VETERINARY CLINIC","· Animal hospital","4.3","(1.8K)","30+ years in business · Bengaluru, Karnataka · 097398 00026","Open 24 hours","On-site services","http://www.rmvveterinary.in/","Website","https://www.google.com/maps/dir//RMV+MULTI-SPECIALITY+VETERINARY+CLINIC,+No.+318,+2nd+cross,+2nd+Main+Rd,+R.M.V.+2nd+Stage,+Bengaluru,+Karnataka+560094/data=!4m6!4m5!1m1!4e2!1m2!1m1!1s0x3bae17e115395bf1:0x305e401785760acc?sa=X&ved=1t:57443&ictx=111","Directions","",""
"Cessna Lifeline Veterinary Hospital - Domlur","· Veterinarian","4.4","(8.1K)","20+ years in business · Bengaluru, Karnataka · 076763 65365","Open 24 hours","On-site services","https://www.cessnalifeline.com/","Website","https://www.google.com/maps/dir//Cessna+Lifeline+Veterinary+Hospital+-+Domlur,+HBCS,+148,+KGA+Rd,+Amarjyoti+Layout,+Domlur,+Bengaluru,+Karnataka+560071/data=!4m6!4m5!1m1!4e2!1m2!1m1!1s0x3bae16b02658fb3f:0x32d69ed796d7b024?sa=X&ved=1t:57443&ictx=111","Directions","",""
"Govt Veterinary hospital,Valukkuparai","· Government hospital","","","RXV9+648, Valukkuparai Rd","","","","","https://www.google.com/maps/dir//RXV9%2B648+Govt+Veterinary+hospital,Valukkuparai,+Valukkuparai+Rd,+Tamil+Nadu+641032/data=!4m6!4m5!1m1!4e2!1m2!1m1!1s0x3ba845002013f433:0x34142eb3a003014e?sa=X&ved=1t:57443&ictx=111","Directions","",""
"R.S HOSPITAL","· Hospital","3.3","(288)","Sambandam Rd E · 089037 01999","Open 24 hours","","","","https://www.google.com/maps/dir//R.S+HOSPITAL,+Sambandam+Rd+E,+Sukrawar+Pettai,+R.S.+Puram,+Coimbatore,+Tamil+Nadu+641002/data=!4m6!4m5!1m1!4e2!1m2!1m1!1s0x3ba859036dd8502b:0x75701c7eefe06216?sa=X&ved=1t:57443&ictx=111","Directions","","""Good doctors and very pleasing affordable cost"""
"Govt: Veterinary Dispensary","· Animal hospital","3.3","(23)","10+ years in business · Kanjikode, Kerala","","","","","https://www.google.com/maps/dir//QPWW%2BMJJ+Govt:+Veterinary+Dispensary,+Kanjikode+Rd,+Sathrapadi,+Kanjikode,+Kerala+678621/data=!4m6!4m5!1m1!4e2!1m2!1m1!1s0x3ba86945736dbf15:0x98c05b2177ac17cf?sa=X&ved=1t:57443&ictx=111","Directions","","""Good service received for my pet"""
"Veterinary Healthcare Company (VETHC) - Coimbatore","· Diagnostic center","4.2","(5)","Swamy Iyer New Street · 075500 60900","Closed","","http://www.vethc.in/","Website","https://www.google.com/maps/dir//Veterinary+Healthcare+Company+(VETHC)+-+Coimbatore,+Swamy+Iyer+New+Street,+Katteri+Chettiar+Thottam,+Selvapuram+North,+Coimbatore,+Tamil+Nadu+641001/data=!4m6!4m5!1m1!4e2!1m2!1m1!1s0x3ba859e16544e7df:0xe51dc7803600ab26?sa=X&ved=1t:57443&ictx=111","Directions","· Opens 9:30 am Mon","""Best laboratory for quick and perfect reports."""
"தமிழ்நாடு அரசு கால்நடை மருந்தகம் Government Veterinary hospital","· Veterinary pharmacy","5.0","(2)","Jakkarpalayam, Tamil Nadu","","","","","https://www.google.com/maps/dir//Q4MP%2B8W+%E0%AE%A4%E0%AE%AE%E0%AE%BF%E0%AE%B4%E0%AF%8D%E0%AE%A8%E0%AE%BE%E0%AE%9F%E0%AF%81+%E0%AE%85%E0%AE%B0%E0%AE%9A%E0%AF%81+%E0%AE%95%E0%AE%BE%E0%AE%B2%E0%AF%8D%E0%AE%A8%E0%AE%9F%E0%AF%88+%E0%AE%AE%E0%AE%B0%E0%AF%81%E0%AE%A8%E0%AF%8D%E0%AE%A4%E0%AE%95%E0%AE%AE%E0%AF%8D+Government+Veterinary+hospital,+Jakkarpalayam,+Tamil+Nadu+642202/data=!4m6!4m5!1m1!4e2!1m2!1m1!1s0x3ba84b00166eff9f:0xab9d08a441fe6efe?sa=X&ved=1t:57443&ictx=111","","",""
"Government veterinary hospital","· Hospital","5.0","(2)","12/144-3","","","","","https://www.google.com/maps/dir//Government+veterinary+hospital,+12%2F144-3,+Vishal+Hii+Tech+City,+Pollachi,+Tamil+Nadu+642003/data=!4m6!4m5!1m1!4e2!1m2!1m1!1s0x3ba8370f235ae6d5:0xd1232f39fdead772?sa=X&ved=1t:57443&ictx=111","Directions","",""
"Arthi Pets Clinic","· Veterinarian","3.6","(15)","3+ years in business · 87 · 098422 74514","Closed","","","","https://www.google.com/maps/dir//Arthi+Pets+Clinic,+87,+Sakkarai+Chetiyar+Colony,+Varadharajapuram,+Tamil+Nadu+641015/data=!4m6!4m5!1m1!4e2!1m2!1m1!1s0x3ba8572c725d528b:0x6e7f0f9755c7d0fa?sa=X&ved=1t:57443&ictx=111","Directions","· Opens 9 am Mon","""Good service by Doctor."""
"Veterinary hospital Bogampatti","· Animal hospital","4.0","(2)","7+ years in business · W43C+GWC, Bogampatti - Panapatti Rd","Closed","","","","https://www.google.com/maps/dir//W43C%2BGWC+Veterinary+hospital+Bogampatti,+Bogampatti+-+Panapatti+Rd,+Bogampatti,+Tamil+Nadu+641658/data=!4m6!4m5!1m1!4e2!1m2!1m1!1s0x3ba852139b5d1fc7:0xffb05add7fcd3cb0?sa=X&ved=1t:57443&ictx=111","Directions","· Opens 10 am Mon",""
"SKS VETERINARY HOSPITAL","· Animal hospital","4.3","(274)","7+ years in business · Tiruppur, Tamil Nadu · 086800 70005","Closed","On-site services","https://www.skspethospital.com/","Website","https://www.google.com/maps/dir//SKS+VETERINARY+HOSPITAL,+145%2F75,+College+Rd,+Odakkadu,+Tiruppur,+Tamil+Nadu+641602/data=!4m6!4m5!1m1!4e2!1m2!1m1!1s0x3ba90790161eb60b:0x6a084df3f43b583d?sa=X&ved=1t:57443&ictx=111","Directions","· Opens 9 am Mon",""
"SKS Veterinary Hospital","· Animal hospital","4.4","(1.6K)","20+ years in business · Chennai, Tamil Nadu · 078680 70005","Open 24 hours","On-site services","http://www.skspethospital.com/","Website","https://www.google.com/maps/dir//Shop+No.198A,+SKS+Veterinary+Hospital,+Dev+Apartments,+basement,+St+Marys+Rd,+opp.+Luz+Church+Road,+Abiramapuram,+Chennai,+Tamil+Nadu+600018/data=!4m6!4m5!1m1!4e2!1m2!1m1!1s0x3a5267c913a754d5:0xd3e3c66a57049ff0?sa=X&ved=1t:57443&ictx=111","Directions","",""
"Veterinary Hospital","· Veterinary care","4.6","(16)","7+ years in business · Palakkad, Kerala","Closed","","","","https://www.google.com/maps/dir//WFRQ%2BFXM+Veterinary+Hospital,+Palakkad,+Kerala+678595/data=!4m6!4m5!1m1!4e2!1m2!1m1!1s0x3ba878ce179a5dbf:0x8128c927768445bb?sa=X&ved=1t:57443&ictx=111","Directions","· Opens 10 am Mon","""Good service"""
"Veterinary Hospital Thenkurissi","· Animal hospital","3.6","(40)","7+ years in business · Koduvayur, Thenkurissi, Kerala","","","","","https://www.google.com/maps/dir//MJWM%2BHP8+Veterinary+Hospital+Thenkurissi,+Kuzhalmannam+Koduvayur+Rd,+Mahalikudam,+Koduvayur,+Thenkurissi,+Kerala+678671/data=!4m6!4m5!1m1!4e2!1m2!1m1!1s0x3ba872aea3498f51:0x3cedd38abf0852ef?sa=X&ved=1t:57443&ictx=111","Directions","","""Personalised care is provided"""
"Govt veterinary Hospital,Alandurai","· Hospital","","","XQ2J+5Q8","","","","","https://www.google.com/maps/dir//XQ2J%2B5Q8+Govt+veterinary+Hospital,Alandurai,+Coimbatore,+Tamil+Nadu+641101/data=!4m6!4m5!1m1!4e2!1m2!1m1!1s0x3ba867539be2b7a5:0x16c3a388a079c59d?sa=X&ved=1t:57443&ictx=111","Directions","",""
"ROYAL ANIMAL HOSPITAL, METTUPALAYAM","· Veterinarian","4.6","(143)","Mettupalayam, Tamil Nadu · 086087 23777","Closed","","","","https://www.google.com/maps/dir//ROYAL+ANIMAL+HOSPITAL,+METTUPALAYAM,+3%2FA1,+Co-operative+Colony+Main+Rd,+near+EB+office,+Mettupalayam,+Tamil+Nadu+641301/data=!4m6!4m5!1m1!4e2!1m2!1m1!1s0x3ba8ef35006ce437:0x1d96229ab5bb883b?sa=X&ved=1t:57443&ictx=111","Directions","· Opens 9 am Mon","""They saved my labrador who was poisoned last week."""
"Pet O Pet Veterinary Hospital","· Animal hospital","4.4","(311)","10+ years in business · Tiruchirappalli, Tamil Nadu · 073388 11666","Closed","On-site services","","","https://www.google.com/maps/dir//Pet+O+Pet+Veterinary+Hospital,+D43,+East,+8th+Cross+St,+West+Extension,+Thillai+Nagar,+Tiruchirappalli,+Tamil+Nadu+620018/data=!4m6!4m5!1m1!4e2!1m2!1m1!1s0x3baaf512c17f7ff3:0xa5edaf51193e54eb?sa=X&ved=1t:57443&ictx=111","Directions","· Opens 9 am Mon",""
"Government veterinary hospital","· Animal hospital","5.0","(1)","3+ years in business · Iduvai, Tamil Nadu","Closed","","","","https://www.google.com/maps/dir//37HP%2B6WJ+Government+veterinary+hospital,+Sri+kamachi+Amman+Kovil+St,+Iduvai,+Tamil+Nadu+641687/data=!4m6!4m5!1m1!4e2!1m2!1m1!1s0x3ba907bc3586840b:0xd2a495f6b9cd8a9c?sa=X&ved=1t:57443&ictx=111","Directions","· Opens 9:30 am Mon",""
"Govt Veterinary hospital,Pichanur","· Government hospital","","","Pichanur, Tamil Nadu","","","","","https://www.google.com/maps/dir//RWJ3%2BGF6+Govt+Veterinary+hospital,Pichanur,+Pichanur,+Tamil+Nadu+641032/data=!4m6!4m5!1m1!4e2!1m2!1m1!1s0x3ba843002962e0db:0x4b0b0db5997c45a3?sa=X&ved=1t:57443&ictx=111","Directions","",""
"Veterinary Hospital, Ooty","· Hospital","1.3","(7)","Ooty, Tamil Nadu","","","","","https://www.google.com/maps/dir//CM5X%2BWF3+Veterinary+Hospital,+Ooty,+Veterinary+Hospital+Rd,+Ooty,+Tamil+Nadu+643001/data=!4m6!4m5!1m1!4e2!1m2!1m1!1s0x3ba8bd8f0c902021:0x8a8eb6fd793456a?sa=X&ved=1t:57443&ictx=111","Directions","",""
"Government Veterinary Clinic","· Animal hospital","3.3","(14)","10+ years in business · 8W2Q+F87, Coimbatore Main Rd","Closed","","","","https://www.google.com/maps/dir//8W2Q%2BF87+Government+Veterinary+Clinic,+Coimbatore+Main+Rd,+Mettupalayam,+Tamil+Nadu+641301/data=!4m6!4m5!1m1!4e2!1m2!1m1!1s0x3ba8eebfd53ce771:0x8aadb164194314e3?sa=X&ved=1t:57443&ictx=111","Directions","· Opens 9 am Mon",""
"Precise Pet Clinic","· Veterinarian","3.7","(287)","20+ years in business · Bengaluru, Karnataka · 099000 01562","","","","","https://www.google.com/maps/dir//Precise+Pet+Clinic,+%23485+%26+%23485%2FA,+8th+Cross,+Jeevan+Bheema+Nagar+Main+Road,+near+Miranda+School,+HAL+3rd+Stage,+Bengaluru,+Karnataka+560075/data=!4m6!4m5!1m1!4e2!1m2!1m1!1s0x3bae140047fdddff:0x88194df4e78ef29e?sa=X&ved=1t:57443&ictx=111","Directions","","""Saved my dog from Cessna's crazy advice to remove both ears."""
"veterinary Hospital","· Animal hospital","4.5","(2)","7+ years in business · Tiruppur","","","","","https://www.google.com/maps/dir//5C84%2B32H+veterinary+Hospital,+Cauvery+Nagar,+Morattupalayam+(po),+Uthukuli+(tk),+Tiruppur,+638752/data=!4m6!4m5!1m1!4e2!1m2!1m1!1s0x3ba908cb30f625bd:0x946e31c2c6d219?sa=X&ved=1t:57443&ictx=111","Directions","",""
"Veterinary Hospital Ettimadai","· Animal hospital","","","5+ years in business · Kandhe Gounden Chavadi, Tamil Nadu","","","","","https://www.google.com/maps/dir//Veterinary+Hospital+Ettimadai,+Kandhe+Gounden+Chavadi,+Tamil+Nadu+641105/data=!4m6!4m5!1m1!4e2!1m2!1m1!1s0x3ba85d24462a5d9d:0x44894adb45a36d61?sa=X&ved=1t:57443&ictx=111","Directions","",""
"GOVERNMENT VETERINARY HOSPITAL","· Animal hospital","4.3","(3)","5+ years in business · North Avanashipalayam, Tamil Nadu","Closed","","","","https://www.google.com/maps/dir//GOVERNMENT+VETERINARY+HOSPITAL,+vellampatti,+North+Avanashipalayam,+Tamil+Nadu+641665/data=!4m6!4m5!1m1!4e2!1m2!1m1!1s0x3ba9a7b86484fa81:0xc78355287c0c38cf?sa=X&ved=1t:57443&ictx=111","Directions","· Opens 9 am Mon","""Good response"""
"Govt Veterinary hospital,Sokkanur","· Government hospital","","","Sokunoor, Tamil Nadu","","","","","https://www.google.com/maps/dir//RW5X%2BWPJ+Govt+Veterinary+hospital,Sokkanur,+Sokkanur+Rd,+Sokunoor,+Tamil+Nadu+642109/data=!4m6!4m5!1m1!4e2!1m2!1m1!1s0x3ba8450023f72e61:0xda2e69fdb507b3e3?sa=X&ved=1t:57443&ictx=111","Directions","",""
"Govt Veterinary hospital,Sokkanur","· Government hospital","","","Sokunoor, Tamil Nadu","No reviews","","","","https://www.google.com/maps/dir//RW5X%2BWPJ+Govt+Veterinary+hospital,Sokkanur,+Sokkanur+Rd,+Sokunoor,+Tamil+Nadu+642109/data=!4m6!4m5!1m1!4e2!1m2!1m1!1s0x3ba8450023f72e61:0xda2e69fdb507b3e3?sa=X&ved=1t:57443&ictx=111","","",""
"VET MED Pet Hospital And Surgical Center","· Veterinarian","4.7","(75)","5+ years in business · Tiruppur, Tamil Nadu · 080567 35353","Closed","","https://vetmedpethospitalandsurgicalcenter.business.site/?utm_source=gmb&utm_medium=referral","Website","https://www.google.com/maps/dir//VET+MED+Pet+Hospital+And+Surgical+Center,+Krishna+Nagar,+2nd+right,+opposite+to+vivekanandha+school,+K+Chettipalayam,+Tiruppur,+Tamil+Nadu+641604/data=!4m6!4m5!1m1!4e2!1m2!1m1!1s0x3ba9a71800541951:0xd198deafc69b3906?sa=X&ved=1t:57443&ictx=111","Directions","· Opens 9 am Mon","""Dr. Ramanathan sir and his staff are extremely nice and knowledgeable."""
"Eshwar Animal Hospital & Surgical Centre","· Veterinarian","4.9","(41)","Tiruppur, Tamil Nadu","Closed","","","","https://www.google.com/maps/dir//Eshwar+Animal+Hospital+%26+Surgical+Centre,+Shop+no+4+,+paradise+shopping+centre,+HRHK+nagar,+Mangalam+Rd,+pirivu,+Periyandipalayam,+Tiruppur,+Tamil+Nadu+641687/data=!4m6!4m5!1m1!4e2!1m2!1m1!1s0x3ba9077c1b305557:0x95a59658d9c9c7f1?sa=X&ved=1t:57443&ictx=111","Directions","· Opens 9:30 am Mon","""Good service with low fees and pet foods and accessories quality are good."""
"The Bai Sakarbai Dinshaw Petit Hospital for Animals","· Animal hospital","3.8","(3.9K)","70+ years in business · Mumbai, Maharashtra · 085916 59398","Open 24 hours","On-site services","http://www.bombayspca.org/","Website","https://www.google.com/maps/dir//The+Bai+Sakarbai+Dinshaw+Petit+Hospital+for+Animals,+Dr+SS+Rao+Marg,+near+Gandhi+Hospital,+Parel+East,+Parel,+Mumbai,+Maharashtra+400012/data=!4m6!4m5!1m1!4e2!1m2!1m1!1s0x3be7cef795555555:0x3b13a478ac5cbaf6?sa=X&ved=1t:57443&ictx=111","Directions","",""
"Sanchu Animal Hospital | Velachery, Chennai","· Animal hospital","4.4","(1.1K)","5+ years in business · Chennai, Tamil Nadu · 078258 81525","Open","On-site services","https://veterinary-hospital.sanchuanimalhospital.com/sanchu/animal-hospital-in-chennai/animal-hospital-in-velachery/sanchu-animal-hospital-in-velachery-chennai--60a9aac5-8171-4cf4-9b89-61a9a3d1d984/home","Website","https://www.google.com/maps/dir//Door+No.44%2F1,+Sanchu+Animal+Hospital+%7C+Velachery,+Chennai,+Taramani+Link+Rd,+opp.+to+Vijayanagar+Bus+stand,+Sarathy+Nagar,+Velachery,+Chennai,+Tamil+Nadu+600042/data=!4m6!4m5!1m1!4e2!1m2!1m1!1s0x3a525df393790cb1:0x2be32be100e5fc10?sa=X&ved=1t:57443&ictx=111","Directions","· Closes 6 am Mon",""
"Vetcare Pet Clinic","· Animal hospital","4.9","(12)","3+ years in business · Kalampalayam, Tamil Nadu · 094880 49251","Closed","","","","https://www.google.com/maps/dir//Vetcare+Pet+Clinic,+near+Happy+Textiles,+Kalampalayam,+Tamil+Nadu+641666/data=!4m6!4m5!1m1!4e2!1m2!1m1!1s0x3ba90786c31c6353:0x9cf70b6557905558?sa=X&ved=1t:57443&ictx=111","Directions","· Opens 6 pm Mon","""Good service with reasonable consultation fee in North part of tiruppur"""
"Vallalar Hospital","· General hospital","3.4","(83)","Marudhamalai Rd · 0422 245 0693","Open 24 hours","","","","https://www.google.com/maps/dir//Vallalar+Hospital,+Marudhamalai+Rd,+Mullai+Nagar,+P+N+Pudur,+Tamil+Nadu+641041/data=!4m6!4m5!1m1!4e2!1m2!1m1!1s0x3ba85f2d9dbcdc1f:0xfc06e6b6b2c8205e?sa=X&ved=1t:57443&ictx=111","Directions","","""Very good treatment normal charge for children and adults"""
"Global animal hospital","· Animal hospital","3.5","(610)","7+ years in business · Secunderabad, Telangana · 040 2779 0514","Open 24 hours","","","","https://www.google.com/maps/dir//Global+animal+hospital,+142,+Surya+Enclave+Rd+No.+3,+Tirumalagiri,+Secunderabad,+Telangana+500015/data=!4m6!4m5!1m1!4e2!1m2!1m1!1s0x3bcb9a59095c7863:0xd086d7a2bcca6eed?sa=X&ved=1t:57443&ictx=111","Directions","","""They handled my dog with so much love and patience throughout the process."""
"Government","· Hospital","","","2WG5+XJF, 13th St","","","","","https://www.google.com/maps/dir//2WG5%2BXJF+Government,+13th+St,+V.N.R.Nagar,+Vadavalli,+Tamil+Nadu+641041/data=!4m6!4m5!1m1!4e2!1m2!1m1!1s0x3ba85fe585600323:0x9d9a9b43261e6341?sa=X&ved=1t:57443&ictx=111","Directions","",""
"Pet's Care Super Specialty Hospital - Jubilee Hills","· Animal hospital","4.2","(1.4K)","10+ years in business · Rai Durg, Hyderabad, Telangana · 091543 60526","Open 24 hours","On-site services","https://petscarehospital.com/","Website","https://www.google.com/maps/dir//3,+B,+Pet's+Care+Super+Specialty+Hospital+-+Jubilee+Hills,+H.No.+5-109,+opp.+JRC+Convention+%26,+Whisper+Valley,+Jubilee+Hills,+Rai+Durg,+Hyderabad,+Telangana+500033/data=!4m6!4m5!1m1!4e2!1m2!1m1!1s0x3bcb976b2d865c5d:0xb68273bad15e490?sa=X&ved=1t:57443&ictx=111","Directions","",""
"Govt veterinary hospital uthandiyur","· Veterinary pharmacy","5.0","(1)","Uthandiyur, Tamil Nadu","","","","","https://www.google.com/maps/dir//F5FH%2BRGG+Govt+veterinary+hospital+uthandiyur,+Uthandiyur+Rd,+Uthandiyur,+Tamil+Nadu+638402/data=!4m6!4m5!1m1!4e2!1m2!1m1!1s0x3ba8dfe742517819:0x425d331cb0be382?sa=X&ved=1t:57443&ictx=111","Directions","",""
"Office Of Deputy Director AH Cattle Breeding And Fodder Development","· Veterinary care","4.2","(5)","10+ years in business · XXW7+827, Ismail St","Closed","","","","https://www.google.com/maps/dir//XXW7%2B827+Office+Of+Deputy+Director+AH+Cattle+Breeding+And+Fodder+Development,+Ismail+St,+Town+Hall,+Coimbatore,+Tamil+Nadu+641001/data=!4m6!4m5!1m1!4e2!1m2!1m1!1s0x3ba8590a3f31b645:0x65b7f379e1887063?sa=X&ved=1t:57443&ictx=111","Directions","· Opens 9 am Mon",""
"Government Veterinary hospital,Kethanur","· Hospital","","","Kethanur, Tamil Nadu","","","","","https://www.google.com/maps/dir//W778%2BPMC+Government+Veterinary+hospital,Kethanur,+Udumalaipettai+Rd,+Kethanur,+Tamil+Nadu+641671/data=!4m6!4m5!1m1!4e2!1m2!1m1!1s0x3ba9ad64a93a53b1:0xe6e358f075f56a73?sa=X&ved=1t:57443&ictx=111","Directions","",""
"Vedha Medical Agency (Veterinary Medicine and Pet Medicine)","· Veterinary pharmacy","4.4","(28)","1/387-Z1 Krishna Gounder Nagar, Irugur Rd","Closed","Delivery","","","https://www.google.com/maps/dir//Vedha+Medical+Agency+(Veterinary+Medicine+and+Pet+Medicine),+1%2F387-Z1+Krishna+Gounder+Nagar,+Irugur+Rd,+Chinniyampalayam,+Coimbatore,+Tamil+Nadu+641062/data=!4m6!4m5!1m1!4e2!1m2!1m1!1s0x3ba857eec4c67abd:0x633120f7ca642251?sa=X&ved=1t:57443&ictx=111","Directions","· Opens 9 am Mon",""
"Vet Spot The Animal Hospital-Emergency service Regular body checkup Deworming - Surgeries -Critical care unit-Tick bathing","· Veterinarian","4.7","(412)","3+ years in business · Hyderabad, Telangana · 081793 88179","Open 24 hours","On-site services","","","https://www.google.com/maps/dir//3-8%2F1,+Vet+Spot+The+Animal+Hospital-Emergency+service+Regular+body+checkup+Deworming+-+Surgeries+-Critical+care+unit-Tick+bathing,+3-8,+Plot+No,+471Vivekananda+nagar,+Kukatpally,+Hyderabad,+Telangana+500072/data=!4m6!4m5!1m1!4e2!1m2!1m1!1s0x3bcb913658950773:0x8897a83e710cf65c?sa=X&ved=1t:57443&ictx=111","Directions","",""
"Kriya Petcare Clinic","· Animal hospital","4.2","(119)","7+ years in business · Tiruppur, Tamil Nadu · 070944 94444","Closed","","","","https://www.google.com/maps/dir//Kriya+Petcare+Clinic,+60+Feet+Rd,+Kumar+Nagar,+Tiruppur,+Tamil+Nadu+641603/data=!4m6!4m5!1m1!4e2!1m2!1m1!1s0x3ba90654684e21b9:0x2e5e9b5518fff2ee?sa=X&ved=1t:57443&ictx=111","Directions","· Opens 9 am Mon","""Experienced doctors!"""
"SANA ANIMAL HOSPITAL","· Animal hospital","4.0","(108)","10+ years in business · Tiruppur, Tamil Nadu · 072009 17740","Closed","On-site services","https://sanaanimalhospital.lyzoo.co.in/","Website","https://www.google.com/maps/dir//SANA+ANIMAL+HOSPITAL,+No:287,+Dr+Radhakrishnan+Nagar,+opp.+to+Ramdev+Hardwares,+Pitchampalayam+Pudur,+Tiruppur,+Tamil+Nadu+641603/data=!4m6!4m5!1m1!4e2!1m2!1m1!1s0x3ba9070901bc9ce9:0x1d87ba445b057dd1?sa=X&ved=1t:57443&ictx=111","Directions","· Opens 10 am Mon",""
"Ranga Hospital","· Hospital","3.2","(48)","2WHJ+HR4, Thadagam Main Rd, near Avila Convent School · 082200 07251","Open 24 hours","","","","https://www.google.com/maps/dir//2WHJ%2BHR4+Ranga+Hospital,+Thadagam+Main+Rd,+near+Avila+Convent+School,+Velandipalayam,+Tamil+Nadu+641025/data=!4m6!4m5!1m1!4e2!1m2!1m1!1s0x3ba8585605ea63b7:0x726f1b80e7c2a96a?sa=X&ved=1t:57443&ictx=111","Directions","","""This  hospital very useful treatment good , medicines charges high ."""
"Universal pet care hospital","· Veterinarian","4.5","(184)","3+ years in business · Tamil Nadu · 083001 77556","Closed","","","","https://www.google.com/maps/dir//Universal+pet+care+hospital,+7c+Thiruvalluvar+thottam,+karuvampalayam+Old+orchid+nursery+school+building,+rotary+mahal+backside,+Tamil+Nadu+641604/data=!4m6!4m5!1m1!4e2!1m2!1m1!1s0x3ba90715a4f1a1f3:0x5e5ac4b781a499ce?sa=X&ved=1t:57443&ictx=111","Directions","· Opens 9 am Mon","""Experienced doctors with kind support and care"""
"Pet Doctor Veterinary Clinic and Pet care","· Animal hospital","5.0","(46)","Pollachi, Tamil Nadu","Closed","","","","https://www.google.com/maps/dir//Pet+Doctor+Veterinary+Clinic+and+Pet+care,+Kerala+samajam,+Sri+Sri+Plaza,+bus+stop,+30%2F1,+Palladam+Road,+opposite+to+BEA,+Pollachi,+Tamil+Nadu+642002/data=!4m6!4m5!1m1!4e2!1m2!1m1!1s0x3ba8579de2f1d855:0x8ea7c3ec88d1264f?sa=X&ved=1t:57443&ictx=111","Directions","· Opens 4:30 pm Mon","""Cared our dog like a baby ,explained everything clearly."""
"Cartman Animal Hospital","· Animal hospital","4.3","(1.3K)","10+ years in business · CA-18, 17D Main, 6th Block, Koramangala, behind Koramangala Club · 091088 05001","· Opens 10 am Mon","On-site services","https://www.cartmanhospital.in/","","https://www.google.com/maps/dir//Cartman+Animal+Hospital,+CA-18,+17D+Main,+6th+Block,+Koramangala,+behind+Koramangala+Club,+Bengaluru,+Karnataka+560095/data=!4m6!4m5!1m1!4e2!1m2!1m1!1s0x3bae14438cbef6ed:0xf849ff69155de657?sa=X&ved=1t:57443&ictx=111","Website","Closed",""
"ROYAL ANIMAL HOSPITAL 15 VELAMPALAYAM","· Animal hospital","4.3","(35)","3+ years in business · Swarnapuri Avenue, SF NO.277, DR junction · 086086 23777","Closed","","","","https://www.google.com/maps/dir//ROYAL+ANIMAL+HOSPITAL+15+VELAMPALAYAM,+Swarnapuri+Avenue,+SF+NO.277,+DR+junction,+Tiruppur,+Tamil+Nadu+641652/data=!4m6!4m5!1m1!4e2!1m2!1m1!1s0x3ba907b4865f5719:0x13cf6078a1a1c85d?sa=X&ved=1t:57443&ictx=111","Directions","· Opens 9 am Mon","""Neat and clean service."""
"MDM Pet Clinic","· Veterinarian","2.9","(16)","1299, Thadagam Main Rd, opp. Milk Company · 097502 92910","Temporarily closed","","","","https://www.google.com/maps/dir//MDM+Pet+Clinic,+1299,+Thadagam+Main+Rd,+opp.+Milk+Company,+R.S.+Puram,+Coimbatore,+Tamil+Nadu+641002/data=!4m6!4m5!1m1!4e2!1m2!1m1!1s0x3ba8591ecfd55fab:0xa95ac0ccd43c726b?sa=X&ved=1t:57443&ictx=111","Directions","",""
"Tamil Nadu Kalnadai Paramaripu Thurai","· Animal hospital","3.0","(5)","2XMC+V3J, Sanganoor Rd","Temporarily closed","","","","https://www.google.com/maps/dir//2XMC%2BV3J+Tamil+Nadu+Kalnadai+Paramaripu+Thurai,+Sanganoor+Rd,+Rayappa+Nagar,+Ganapathy,+Coimbatore,+Tamil+Nadu+641006/data=!4m6!4m5!1m1!4e2!1m2!1m1!1s0x3ba8585ddfe895ff:0x2155b94e533a4ee8?sa=X&ved=1t:57443&ictx=111","Directions","",""
"Devarayapuram Veterinary Hospital","· Animal hospital","","","XRW7+X6P","Temporarily closed","","","","https://www.google.com/maps/dir//XRW7%2BX6P+Devarayapuram+Veterinary+Hospital,+Devarayapuram,+Coimbatore,+Tamil+Nadu+641109/data=!4m6!4m5!1m1!4e2!1m2!1m1!1s0x3ba8610003d17a25:0x5e846320dc4f7d3e?sa=X&ved=1t:57443&ictx=111","Directions","",""
"Veterinary Hospital","· Animal hospital","5.0","(2)","94XC+Q87","Temporarily closed","","","","https://www.google.com/maps/dir//94XC%2BQ87+Veterinary+Hospital,+Periyakallipatti,+Tamil+Nadu+641302/data=!4m6!4m5!1m1!4e2!1m2!1m1!1s0x3ba8e176eabc6bf3:0x56b534188ba8932a?sa=X&ved=1t:57443&ictx=111","Directions","",""
"Veterinary hospital Kattampatti","· Animal hospital","4.5","(2)","R45W+CMJ, Tiruppur Rd","Temporarily closed","","","","https://www.google.com/maps/dir//R45W%2BCMJ+Veterinary+hospital+Kattampatti,+Tiruppur+Rd,+Kattampatti,+Tamil+Nadu+642202/data=!4m6!4m5!1m1!4e2!1m2!1m1!1s0x3ba84dcb31e53d5f:0xaacbda36818679f6?sa=X&ved=1t:57443&ictx=111","Directions","",""
"VET MED Pet Hospital And Surgical Center","· Veterinarian","4.7","(75)","5+ years in business · Tiruppur, Tamil Nadu · 080567 35353","· Opens 9 am Mon","","https://vetmedpethospitalandsurgicalcenter.business.site/?utm_source=gmb&utm_medium=referral","Schedule","https://www.google.com/maps/dir//VET+MED+Pet+Hospital+And+Surgical+Center,+Krishna+Nagar,+2nd+right,+opposite+to+vivekanandha+school,+K+Chettipalayam,+Tiruppur,+Tamil+Nadu+641604/data=!4m6!4m5!1m1!4e2!1m2!1m1!1s0x3ba9a71800541951:0xd198deafc69b3906?sa=X&ved=1t:57443&ictx=111","Website","Closed","""Dr. Ramanathan sir and his staff are extremely nice and knowledgeable."""
"Sanchu Animal Hospital | Velachery, Chennai","· Animal hospital","4.4","(1.1K)","5+ years in business · Chennai, Tamil Nadu · 078258 81525","Open","On-site services","https://veterinary-hospital.sanchuanimalhospital.com/sanchu/animal-hospital-in-chennai/animal-hospital-in-velachery/sanchu-animal-hospital-in-velachery-chennai--60a9aac5-8171-4cf4-9b89-61a9a3d1d984/home","Website","https://www.google.com/maps/dir//Door+No.44%2F1,+Sanchu+Animal+Hospital+%7C+Velachery,+Chennai,+Taramani+Link+Rd,+opp.+to+Vijayanagar+Bus+stand,+Sarathy+Nagar,+Velachery,+Chennai,+Tamil+Nadu+600042/data=!4m6!4m5!1m1!4e2!1m2!1m1!1s0x3a525df393790cb1:0x2be32be100e5fc10?sa=X&ved=1t:57443&ictx=111","Directions","· Closes 6 am Mon",""
"SANA ANIMAL HOSPITAL","· Animal hospital","4.0","(108)","10+ years in business · Tiruppur, Tamil Nadu · 072009 17740","Closed","On-site services","https://sanaanimalhospital.lyzoo.co.in/","Website","https://www.google.com/maps/dir//SANA+ANIMAL+HOSPITAL,+No:287,+Dr+Radhakrishnan+Nagar,+opp.+to+Ramdev+Hardwares,+Pitchampalayam+Pudur,+Tiruppur,+Tamil+Nadu+641603/data=!4m6!4m5!1m1!4e2!1m2!1m1!1s0x3ba9070901bc9ce9:0x1d87ba445b057dd1?sa=X&ved=1t:57443&ictx=111","Directions","· Opens 10 am Mon",""
"Cartman Animal Hospital","· Animal hospital","4.3","(1.3K)","10+ years in business · Bengaluru, Karnataka · 091088 05001","Closed","On-site services","https://www.cartmanhospital.in/","Website","https://www.google.com/maps/dir//Cartman+Animal+Hospital,+CA-18,+17D+Main,+6th+Block,+Koramangala,+behind+Koramangala+Club,+Bengaluru,+Karnataka+560095/data=!4m6!4m5!1m1!4e2!1m2!1m1!1s0x3bae14438cbef6ed:0xf849ff69155de657?sa=X&ved=1t:57443&ictx=111","Directions","· Opens 10 am Mon",""